"('balancing', 'loss_load')","('balancing', 'overgeneration')","('balancing', 'reward')","('battery', 'charge_amount')","('battery', 'current_charge')","('battery', 'discharge_amount')","('battery', 'reward')","('battery', 'soc')","('load', 'load_current')","('load', 'load_met')","('load', 'reward')","('renewable', 'curtailment')","('renewable', 'renewable_current')","('renewable', 'renewable_used')","('renewable', 'reward')","('balance', 'reward')","('balance', 'shaped_reward')","('balance', 'overall_provided_to_microgrid')","('balance', 'overall_absorbed_from_microgrid')","('balance', 'flex_provided_to_microgrid')","('balance', 'flex_absorbed_from_microgrid')","('balance', 'controllable_provided_to_microgrid')","('balance', 'controllable_absorbed_from_microgrid')","('balance', 'fixed_provided_to_microgrid')","('balance', 'fixed_absorbed_from_microgrid')",time,price_dkk_per_kwh,wind_kw,batt_cmd
0.5758514401598012,0.0,-5.758514401598012,0.0,5.0,4.6000000000000005,-0.0,0.5,-7.2601749496796915,7.2601749496796915,0.0,0.0,2.0843235095198898,2.0843235095198898,0.0,-5.758514401598012,-5.758514401598012,7.2601749496796915,7.2601749496796915,2.660174949679691,0.0,4.6000000000000005,0.0,0.0,7.2601749496796915,2025-10-05 14:45:00,-0.019264086,1.9287791495198896,1.0
5.365393298034825,0.0,-53.65393298034825,0.0,0.0,0.0,-0.0,0.0,-7.449716807554715,7.449716807554715,0.0,0.0,2.0843235095198898,2.0843235095198898,0.0,-53.65393298034825,-53.65393298034825,7.449716807554715,7.449716807554715,7.449716807554715,0.0,0.0,0.0,0.0,7.449716807554715,2025-10-05 15:00:00,-0.017994747,1.9287791495198896,1.0
4.261622348472661,0.0,-42.61622348472662,0.0,0.0,0.0,-0.0,0.0,-6.345945857992551,6.345945857992551,0.0,0.0,2.0843235095198898,2.0843235095198898,0.0,-42.61622348472662,-42.61622348472662,6.345945857992551,6.345945857992551,6.345945857992551,0.0,0.0,0.0,0.0,6.345945857992551,2025-10-05 15:15:00,-0.016053405,1.9287791495198896,1.0
2.7727022012449165,0.0,-27.727022012449165,0.0,0.0,0.0,-0.0,0.0,-4.857025710764806,4.857025710764806,0.0,0.0,2.0843235095198898,2.0843235095198898,0.0,-27.727022012449165,-27.727022012449165,4.857025710764806,4.857025710764806,4.857025710764806,0.0,0.0,0.0,0.0,4.857025710764806,2025-10-05 15:30:00,-0.015157401,1.9287791495198896,1.0
2.6625495774645342,0.0,-26.625495774645344,0.0,0.0,0.0,-0.0,0.0,-4.706887166984424,4.706887166984424,0.0,0.0,2.0443375895198894,2.0443375895198894,0.0,-26.625495774645344,-26.625495774645344,4.706887166984424,4.706887166984424,4.706887166984424,0.0,0.0,0.0,0.0,4.706887166984424,2025-10-05 15:45:00,-0.022549434,1.9287791495198896,1.0
3.425001992729733,0.0,-34.25001992729733,0.0,0.0,0.0,-0.0,0.0,-5.4693395822496225,5.4693395822496225,0.0,0.0,2.0443375895198894,2.0443375895198894,0.0,-34.25001992729733,-34.25001992729733,5.4693395822496225,5.4693395822496225,5.4693395822496225,0.0,0.0,0.0,0.0,5.4693395822496225,2025-10-05 16:00:00,-0.0118720529999999,1.9287791495198896,1.0
2.090563522122964,0.0,-20.905635221229637,0.0,0.0,0.0,-0.0,0.0,-4.134901111642853,4.134901111642853,0.0,0.0,2.0443375895198894,2.0443375895198894,0.0,-20.905635221229637,-20.905635221229637,4.134901111642853,4.134901111642853,4.134901111642853,0.0,0.0,0.0,0.0,4.134901111642853,2025-10-05 16:15:00,-0.007616034,1.9287791495198896,1.0
3.5333187300163598,0.0,-35.3331873001636,0.0,0.0,0.0,-0.0,0.0,-5.577656319536249,5.577656319536249,0.0,0.0,2.0443375895198894,2.0443375895198894,0.0,-35.3331873001636,-35.3331873001636,5.577656319536249,5.577656319536249,5.577656319536249,0.0,0.0,0.0,0.0,5.577656319536249,2025-10-05 16:30:00,-0.00074667,1.9287791495198896,1.0
5.324292086795506,0.0,-53.24292086795506,0.0,0.0,0.0,-0.0,0.0,-7.0736200447104585,7.0736200447104585,0.0,0.0,1.749327957914953,1.749327957914953,0.0,-53.24292086795506,-53.24292086795506,7.0736200447104585,7.0736200447104585,7.0736200447104585,0.0,0.0,0.0,0.0,7.0736200447104585,2025-10-05 16:45:00,-0.000298668,1.613840877914953,1.0
5.244432284846963,0.0,-52.444322848469625,0.0,0.0,0.0,-0.0,0.0,-6.993760242761915,6.993760242761915,0.0,0.0,1.749327957914953,1.749327957914953,0.0,-52.444322848469625,-52.444322848469625,6.993760242761915,6.993760242761915,6.993760242761915,0.0,0.0,0.0,0.0,6.993760242761915,2025-10-05 17:00:00,-0.006794697,1.613840877914953,1.0
5.840790313664388,0.0,-58.40790313664388,0.0,0.0,0.0,-0.0,0.0,-7.590118271579341,7.590118271579341,0.0,0.0,1.749327957914953,1.749327957914953,0.0,-58.40790313664388,-58.40790313664388,7.590118271579341,7.590118271579341,7.590118271579341,0.0,0.0,0.0,0.0,7.590118271579341,2025-10-05 17:15:00,0.000522669,1.613840877914953,1.0
6.204023487099527,0.0,-62.04023487099527,0.0,0.0,0.0,-0.0,0.0,-7.95335144501448,7.95335144501448,0.0,0.0,1.749327957914953,1.749327957914953,0.0,-62.04023487099527,-62.04023487099527,7.95335144501448,7.95335144501448,7.95335144501448,0.0,0.0,0.0,0.0,7.95335144501448,2025-10-05 17:30:00,0.017472078,1.613840877914953,1.0
7.731675441559371,0.0,-77.31675441559372,0.0,0.0,0.0,-0.0,0.0,-8.290983041449632,8.290983041449632,0.0,0.0,0.5593075998902608,0.5593075998902608,0.0,-77.31675441559372,-77.31675441559372,8.290983041449632,8.290983041449632,8.290983041449632,0.0,0.0,0.0,0.0,8.290983041449632,2025-10-05 17:45:00,0.0487575509999999,0.5391495198902608,1.0
6.2359102303571605,0.0,-62.3591023035716,0.0,0.0,0.0,-0.0,0.0,-6.795217830247421,6.795217830247421,0.0,0.0,0.5593075998902608,0.5593075998902608,0.0,-62.3591023035716,-62.3591023035716,6.795217830247421,6.795217830247421,6.795217830247421,0.0,0.0,0.0,0.0,6.795217830247421,2025-10-05 18:00:00,0.040096179,0.5391495198902608,1.0
5.495854075023067,0.0,-54.958540750230675,0.0,0.0,0.0,-0.0,0.0,-6.055161674913328,6.055161674913328,0.0,0.0,0.5593075998902608,0.5593075998902608,0.0,-54.958540750230675,-54.958540750230675,6.055161674913328,6.055161674913328,6.055161674913328,0.0,0.0,0.0,0.0,6.055161674913328,2025-10-05 18:15:00,0.0821337,0.5391495198902608,1.0
5.143886790542202,0.0,-51.438867905422015,0.41739130434782545,0.0,0.0,-0.0,0.0,-5.285803086084637,5.285803086084637,0.0,0.0,0.5593075998902608,0.5593075998902608,0.0,-51.438867905422015,-51.438867905422015,5.703194390432462,5.703194390432462,5.703194390432462,0.0,0.0,0.41739130434782545,0.0,5.285803086084637,2025-10-05 18:30:00,0.148661997,0.5391495198902608,0.5
5.735080762246883,0.0,-57.350807622468835,0.41739130434782545,0.38399999999999945,0.0,-0.0,0.03839999999999995,-5.820699300862021,5.820699300862021,0.0,0.0,0.5030098429629628,0.5030098429629628,0.0,-57.350807622468835,-57.350807622468835,6.238090605209846,6.238090605209846,6.238090605209846,0.0,0.0,0.41739130434782545,0.0,5.820699300862021,2025-10-05 18:45:00,0.209440928,0.4929629629629628,0.5
5.597860864385139,0.0,-55.978608643851395,0.41739130434782545,0.7679999999999989,0.0,-0.0,0.0767999999999999,-5.683479403000277,5.683479403000277,0.0,0.0,0.5030098429629628,0.5030098429629628,0.0,-55.978608643851395,-55.978608643851395,6.100870707348102,6.100870707348102,6.100870707348102,0.0,0.0,0.41739130434782545,0.0,5.683479403000277,2025-10-05 19:00:00,0.158667375,0.4929629629629628,0.5
5.421575829536498,0.0,-54.21575829536498,0.41739130434782545,1.1519999999999984,0.0,-0.0,0.11519999999999983,-5.5071943681516355,5.5071943681516355,0.0,0.0,0.5030098429629628,0.5030098429629628,0.0,-54.21575829536498,-54.21575829536498,5.924585672499461,5.924585672499461,5.924585672499461,0.0,0.0,0.41739130434782545,0.0,5.5071943681516355,2025-10-05 19:15:00,0.1992862299999999,0.4929629629629628,0.5
5.818077392133522,0.0,-58.180773921335216,0.41739130434782545,1.5359999999999978,0.0,-0.0,0.1535999999999998,-5.903695930748659,5.903695930748659,0.0,0.0,0.5030098429629628,0.5030098429629628,0.0,-58.180773921335216,-58.180773921335216,6.321087235096485,6.321087235096485,6.321087235096485,0.0,0.0,0.41739130434782545,0.0,5.903695930748659,2025-10-05 19:30:00,0.319873428,0.4929629629629628,0.5
4.603150805427022,0.0,-46.03150805427022,0.41739130434782545,1.9199999999999973,0.0,-0.0,0.19199999999999973,-6.862192971586741,6.862192971586741,0.0,0.0,2.6764334705075448,2.6764334705075448,0.0,-46.03150805427022,-46.03150805427022,7.2795842759345675,7.279584275934567,7.2795842759345675,0.0,0.0,0.41739130434782545,0.0,6.862192971586741,2025-10-05 19:45:00,0.3689296469999999,2.6764334705075448,0.5
5.677707048768555,0.0,-56.77707048768555,0.41739130434782545,2.3039999999999967,0.0,-0.0,0.23039999999999966,-7.936749214928276,7.936749214928276,0.0,0.0,2.6764334705075448,2.6764334705075448,0.0,-56.77707048768555,-56.77707048768555,8.3541405192761,8.3541405192761,8.3541405192761,0.0,0.0,0.41739130434782457,0.0,7.936749214928276,2025-10-05 20:00:00,0.2538678,2.6764334705075448,0.5
5.228297018707485,0.0,-52.28297018707485,0.41739130434782545,2.687999999999996,0.0,-0.0,0.2687999999999996,-7.487339184867205,7.487339184867205,0.0,0.0,2.6764334705075448,2.6764334705075448,0.0,-52.28297018707485,-52.28297018707485,7.90473048921503,7.90473048921503,7.90473048921503,0.0,0.0,0.41739130434782545,0.0,7.487339184867205,2025-10-05 20:15:00,0.183531486,2.6764334705075448,0.5
2.958893179994537,0.0,-29.588931799945367,0.0,3.0719999999999956,2.8262399999999963,-0.0,0.3071999999999996,-8.461566650502078,8.461566650502078,0.0,0.0,2.6764334705075448,2.6764334705075448,0.0,-29.588931799945367,-29.588931799945367,8.461566650502078,8.461566650502078,5.635326650502082,0.0,2.8262399999999963,0.0,0.0,8.461566650502078,2025-10-05 20:30:00,0.101995122,2.6764334705075448,1.0
6.102243922528569,0.0,-61.02243922528569,0.0,0.0,0.0,-0.0,0.0,-7.192874923900311,7.192874923900311,0.0,0.0,1.090631001371742,1.090631001371742,0.0,-61.02243922528569,-61.02243922528569,7.192874923900311,7.192874923900311,7.192874923900311,0.0,0.0,0.0,0.0,7.192874923900311,2025-10-05 20:45:00,0.0528642359999999,1.090631001371742,1.0
5.705047026568175,0.0,-57.050470265681746,0.0,0.0,0.0,-0.0,0.0,-6.795678027939917,6.795678027939917,0.0,0.0,1.090631001371742,1.090631001371742,0.0,-57.050470265681746,-57.050470265681746,6.795678027939917,6.795678027939917,6.795678027939917,0.0,0.0,0.0,0.0,6.795678027939917,2025-10-05 21:00:00,0.058538928,1.090631001371742,1.0
5.5049655357201335,0.0,-55.04965535720133,0.0,0.0,0.0,-0.0,0.0,-6.595596537091875,6.595596537091875,0.0,0.0,1.090631001371742,1.090631001371742,0.0,-55.04965535720133,-55.04965535720133,6.595596537091875,6.595596537091875,6.595596537091875,0.0,0.0,0.0,0.0,6.595596537091875,2025-10-05 21:15:00,0.038453505,1.090631001371742,1.0
3.797440314869914,0.0,-37.97440314869914,0.0,0.0,0.0,-0.0,0.0,-4.888071316241656,4.888071316241656,0.0,0.0,1.090631001371742,1.090631001371742,0.0,-37.97440314869914,-37.97440314869914,4.888071316241656,4.888071316241656,4.888071316241656,0.0,0.0,0.0,0.0,4.888071316241656,2025-10-05 21:30:00,0.035466825,1.090631001371742,1.0
2.2058663091888273,0.0,-22.058663091888274,0.0,0.0,0.0,-0.0,0.0,-4.882299779696372,4.882299779696372,0.0,0.0,2.6764334705075448,2.6764334705075448,0.0,-22.058663091888274,-22.058663091888274,4.882299779696372,4.882299779696372,4.882299779696372,0.0,0.0,0.0,0.0,4.882299779696372,2025-10-05 21:45:00,0.031136139,2.6764334705075448,1.0
1.7876295385593433,0.0,-17.876295385593433,0.0,0.0,0.0,-0.0,0.0,-4.464063009066888,4.464063009066888,0.0,0.0,2.6764334705075448,2.6764334705075448,0.0,-17.876295385593433,-17.876295385593433,4.464063009066888,4.464063009066888,4.464063009066888,0.0,0.0,0.0,0.0,4.464063009066888,2025-10-05 22:00:00,0.042933525,2.6764334705075448,1.0
2.3268915902802996,0.0,-23.268915902802995,0.0,0.0,0.0,-0.0,0.0,-5.003325060787844,5.003325060787844,0.0,0.0,2.6764334705075448,2.6764334705075448,0.0,-23.268915902802995,-23.268915902802995,5.003325060787844,5.003325060787844,5.003325060787844,0.0,0.0,0.0,0.0,5.003325060787844,2025-10-05 22:15:00,0.036288162,2.6764334705075448,1.0
1.9533522583868854,0.0,-19.533522583868855,0.0,0.0,0.0,-0.0,0.0,-4.62978572889443,4.62978572889443,0.0,0.0,2.6764334705075448,2.6764334705075448,0.0,-19.533522583868855,-19.533522583868855,4.62978572889443,4.62978572889443,4.62978572889443,0.0,0.0,0.0,0.0,4.62978572889443,2025-10-05 22:30:00,0.0445015319999999,2.6764334705075448,1.0
3.3182619290539357,0.0,-33.18261929053936,0.0,0.0,0.0,-0.0,0.0,-5.858632299424306,5.858632299424306,0.0,0.0,2.54037037037037,2.54037037037037,0.0,-33.18261929053936,-33.18261929053936,5.858632299424306,5.858632299424306,5.858632299424306,0.0,0.0,0.0,0.0,5.858632299424306,2025-10-05 22:45:00,0.031658808,2.54037037037037,1.0
4.52013513945842,0.0,-45.201351394584194,0.0,0.0,0.0,-0.0,0.0,-7.06050550982879,7.06050550982879,0.0,0.0,2.54037037037037,2.54037037037037,0.0,-45.201351394584194,-45.201351394584194,7.06050550982879,7.06050550982879,7.06050550982879,0.0,0.0,0.0,0.0,7.06050550982879,2025-10-05 23:00:00,0.036437496,2.54037037037037,1.0
5.692287334561225,0.0,-56.92287334561225,0.0,0.0,0.0,-0.0,0.0,-8.232657704931595,8.232657704931595,0.0,0.0,2.54037037037037,2.54037037037037,0.0,-56.92287334561225,-56.92287334561225,8.232657704931595,8.232657704931595,8.232657704931595,0.0,0.0,0.0,0.0,8.232657704931595,2025-10-05 23:15:00,0.03061347,2.54037037037037,1.0
5.38141038910278,0.0,-53.8141038910278,0.0,0.0,0.0,-0.0,0.0,-7.92178075947315,7.92178075947315,0.0,0.0,2.54037037037037,2.54037037037037,0.0,-53.8141038910278,-53.8141038910278,7.92178075947315,7.92178075947315,7.92178075947315,0.0,0.0,0.0,0.0,7.92178075947315,2025-10-05 23:30:00,0.0295681319999999,2.54037037037037,1.0
5.875935927729012,0.0,-58.759359277290116,0.0,0.0,0.0,-0.0,0.0,-7.695565557358641,7.695565557358641,0.0,0.0,1.8196296296296293,1.8196296296296293,0.0,-58.759359277290116,-58.759359277290116,7.695565557358641,7.695565557358641,7.695565557358641,0.0,0.0,0.0,0.0,7.695565557358641,2025-10-05 23:45:00,0.025088112,1.8196296296296293,1.0
5.923829388080391,0.0,-59.238293880803916,0.41739130434782545,0.0,0.0,-0.0,0.0,-7.326067713362195,7.326067713362195,0.0,0.0,1.8196296296296293,1.8196296296296293,0.0,-59.238293880803916,-59.238293880803916,7.743459017710021,7.743459017710021,7.743459017710021,0.0,0.0,0.41739130434782545,0.0,7.326067713362195,2025-10-06 00:00:00,0.231318366,1.8196296296296293,0.5
4.47870159628633,0.0,-44.78701596286329,0.41739130434782545,0.38399999999999945,0.0,-0.0,0.03839999999999995,-5.8809399215681335,5.8809399215681335,0.0,0.0,1.8196296296296293,1.8196296296296293,0.0,-44.78701596286329,-44.78701596286329,6.298331225915959,6.298331225915959,6.298331225915959,0.0,0.0,0.41739130434782545,0.0,5.8809399215681335,2025-10-06 00:15:00,0.183158158,1.8196296296296293,0.5
3.046804896225332,0.0,-30.46804896225332,0.0,0.7679999999999989,0.7065599999999991,-0.0,0.0767999999999999,-5.57299452585496,5.57299452585496,0.0,0.0,1.8196296296296293,1.8196296296296293,0.0,-30.46804896225332,-30.46804896225332,5.572994525854961,5.57299452585496,4.866434525854962,0.0,0.7065599999999991,0.0,0.0,5.57299452585496,2025-10-06 00:30:00,0.117749859,1.8196296296296293,1.0
3.802476956841889,0.0,-38.02476956841889,0.0,0.0,0.0,-0.0,0.0,-4.616180660545592,4.616180660545592,0.0,0.0,0.8137037037037038,0.8137037037037038,0.0,-38.02476956841889,-38.02476956841889,4.616180660545592,4.616180660545592,4.616180660545592,0.0,0.0,0.0,0.0,4.616180660545592,2025-10-06 00:45:00,0.09034707,0.8137037037037038,1.0
3.3039934660588157,0.0,-33.03993466058816,0.0,0.0,0.0,-0.0,0.0,-4.117697169762519,4.117697169762519,0.0,0.0,0.8137037037037038,0.8137037037037038,0.0,-33.03993466058816,-33.03993466058816,4.117697169762519,4.117697169762519,4.117697169762519,0.0,0.0,0.0,0.0,4.117697169762519,2025-10-06 01:00:00,0.1034137949999999,0.8137037037037038,1.0
4.13550918779434,0.0,-41.3550918779434,0.0,0.0,0.0,-0.0,0.0,-4.9492128914980436,4.9492128914980436,0.0,0.0,0.8137037037037038,0.8137037037037038,0.0,-41.3550918779434,-41.3550918779434,4.9492128914980436,4.9492128914980436,4.9492128914980436,0.0,0.0,0.0,0.0,4.9492128914980436,2025-10-06 01:15:00,0.078923019,0.8137037037037038,1.0
5.165040012337036,0.0,-51.65040012337036,0.0,0.0,0.0,-0.0,0.0,-5.978743716040739,5.978743716040739,0.0,0.0,0.8137037037037038,0.8137037037037038,0.0,-51.65040012337036,-51.65040012337036,5.978743716040739,5.978743716040739,5.978743716040739,0.0,0.0,0.0,0.0,5.978743716040739,2025-10-06 01:30:00,0.068021637,0.8137037037037038,1.0
6.622681161628165,0.0,-66.22681161628165,0.0,0.0,0.0,-0.0,0.0,-6.702681161628165,6.702681161628165,0.0,0.0,0.0799999999999999,0.0799999999999999,0.0,-66.22681161628165,-66.22681161628165,6.702681161628165,6.702681161628165,6.702681161628165,0.0,0.0,0.0,0.0,6.702681161628165,2025-10-06 01:45:00,0.049952223,0.0799999999999999,1.0
7.255724205876429,0.0,-72.55724205876429,0.0,0.0,0.0,-0.0,0.0,-7.335724205876429,7.335724205876429,0.0,0.0,0.0799999999999999,0.0799999999999999,0.0,-72.55724205876429,-72.55724205876429,7.335724205876429,7.335724205876429,7.335724205876429,0.0,0.0,0.0,0.0,7.335724205876429,2025-10-06 02:00:00,0.0522669,0.0799999999999999,1.0
8.738618838603252,0.0,-87.38618838603252,0.0,0.0,0.0,-0.0,0.0,-8.818618838603252,8.818618838603252,0.0,0.0,0.0799999999999999,0.0799999999999999,0.0,-87.38618838603252,-87.38618838603252,8.818618838603252,8.818618838603252,8.818618838603252,0.0,0.0,0.0,0.0,8.818618838603252,2025-10-06 02:15:00,0.06496029,0.0799999999999999,1.0
8.076399896712749,0.0,-80.76399896712749,0.0,0.0,0.0,-0.0,0.0,-8.156399896712749,8.156399896712749,0.0,0.0,0.0799999999999999,0.0799999999999999,0.0,-80.76399896712749,-80.76399896712749,8.156399896712749,8.156399896712749,8.156399896712749,0.0,0.0,0.0,0.0,8.156399896712749,2025-10-06 02:30:00,0.078997686,0.0799999999999999,1.0
7.976182224376226,0.0,-79.76182224376225,0.0,0.0,0.0,-0.0,0.0,-8.085921593374854,8.085921593374854,0.0,0.0,0.1097393689986282,0.1097393689986282,0.0,-79.76182224376225,-79.76182224376225,8.085921593374854,8.085921593374854,8.085921593374854,0.0,0.0,0.0,0.0,8.085921593374854,2025-10-06 02:45:00,0.075637671,0.1097393689986282,1.0
7.8362965953218335,0.0,-78.36296595321834,0.0,0.0,0.0,-0.0,0.0,-7.946035964320462,7.946035964320462,0.0,0.0,0.1097393689986282,0.1097393689986282,0.0,-78.36296595321834,-78.36296595321834,7.946035964320462,7.946035964320462,7.946035964320462,0.0,0.0,0.0,0.0,7.946035964320462,2025-10-06 03:00:00,0.078624351,0.1097393689986282,1.0
5.605380960508627,0.0,-56.053809605086265,0.0,0.0,0.0,-0.0,0.0,-5.715120329507255,5.715120329507255,0.0,0.0,0.1097393689986282,0.1097393689986282,0.0,-56.053809605086265,-56.053809605086265,5.715120329507255,5.715120329507255,5.715120329507255,0.0,0.0,0.0,0.0,5.715120329507255,2025-10-06 03:15:00,0.078549684,0.1097393689986282,1.0
4.934288943251434,0.0,-49.34288943251434,0.0,0.0,0.0,-0.0,0.0,-5.044028312250062,5.044028312250062,0.0,0.0,0.1097393689986282,0.1097393689986282,0.0,-49.34288943251434,-49.34288943251434,5.044028312250062,5.044028312250062,5.044028312250062,0.0,0.0,0.0,0.0,5.044028312250062,2025-10-06 03:30:00,0.082357701,0.1097393689986282,1.0
5.555812157821011,0.0,-55.558121578210105,0.0,0.0,0.0,-0.0,0.0,-5.635812157821011,5.635812157821011,0.0,0.0,0.0799999999999999,0.0799999999999999,0.0,-55.558121578210105,-55.558121578210105,5.635812157821011,5.635812157821011,5.635812157821011,0.0,0.0,0.0,0.0,5.635812157821011,2025-10-06 03:45:00,0.081013695,0.0799999999999999,1.0
4.409539873314337,0.0,-44.09539873314337,0.0,0.0,0.0,-0.0,0.0,-4.489539873314337,4.489539873314337,0.0,0.0,0.0799999999999999,0.0799999999999999,0.0,-44.09539873314337,-44.09539873314337,4.489539873314337,4.489539873314337,4.489539873314337,0.0,0.0,0.0,0.0,4.489539873314337,2025-10-06 04:00:00,0.082283034,0.0799999999999999,1.0
5.037446101121415,0.0,-50.37446101121415,0.0,0.0,0.0,-0.0,0.0,-5.117446101121415,5.117446101121415,0.0,0.0,0.0799999999999999,0.0799999999999999,0.0,-50.37446101121415,-50.37446101121415,5.117446101121415,5.117446101121415,5.117446101121415,0.0,0.0,0.0,0.0,5.117446101121415,2025-10-06 04:15:00,0.135296611,0.0799999999999999,1.0
6.09694775884846,0.0,-60.969477588484594,0.0,0.0,0.0,-0.0,0.0,-6.17694775884846,6.17694775884846,0.0,0.0,0.0799999999999999,0.0799999999999999,0.0,-60.969477588484594,-60.969477588484594,6.17694775884846,6.17694775884846,6.17694775884846,0.0,0.0,0.0,0.0,6.17694775884846,2025-10-06 04:30:00,0.133355269,0.0799999999999999,1.0
7.317215698389635,0.0,-73.17215698389634,0.41739130434782545,0.0,0.0,-0.0,0.0,-6.923528097745513,6.923528097745513,0.0,0.0,0.0237037037037037,0.0237037037037037,0.0,-73.17215698389634,-73.17215698389634,7.340919402093339,7.340919402093339,7.340919402093339,0.0,0.0,0.41739130434782545,0.0,6.923528097745513,2025-10-06 04:45:00,0.150827347,0.0237037037037037,0.5
7.665427172756696,0.0,-76.65427172756696,0.0,0.38399999999999945,0.35327999999999954,-0.0,0.03839999999999995,-8.0424108764604,8.0424108764604,0.0,0.0,0.0237037037037037,0.0237037037037037,0.0,-76.65427172756696,-76.65427172756696,8.0424108764604,8.0424108764604,7.6891308764604,0.0,0.35327999999999954,0.0,0.0,8.0424108764604,2025-10-06 05:00:00,0.0583149269999999,0.0237037037037037,1.0
8.436226683337845,0.0,-84.36226683337844,0.0,0.0,0.0,-0.0,0.0,-8.459930387041549,8.459930387041549,0.0,0.0,0.0237037037037037,0.0237037037037037,0.0,-84.36226683337844,-84.36226683337844,8.459930387041549,8.459930387041549,8.459930387041549,0.0,0.0,0.0,0.0,8.459930387041549,2025-10-06 05:15:00,0.07392033,0.0237037037037037,1.0
8.812679701115652,0.0,-88.12679701115653,0.41739130434782545,0.0,0.0,-0.0,0.0,-8.418992100471531,8.418992100471531,0.0,0.0,0.0237037037037037,0.0237037037037037,0.0,-88.12679701115653,-88.12679701115653,8.836383404819356,8.836383404819356,8.836383404819356,0.0,0.0,0.41739130434782545,0.0,8.418992100471531,2025-10-06 05:30:00,0.170240753,0.0237037037037037,0.5
7.792735009648865,0.0,-77.92735009648865,0.41739130434782545,0.38399999999999945,0.0,-0.0,0.03839999999999995,-7.38534370530104,7.38534370530104,0.0,0.0,0.0099999999999999,0.0099999999999999,0.0,-77.92735009648865,-77.92735009648865,7.802735009648865,7.802735009648865,7.802735009648865,0.0,0.0,0.41739130434782545,0.0,7.38534370530104,2025-10-06 05:45:00,0.372588345,0.0099999999999999,0.5
7.776115000386395,0.0,-77.76115000386395,0.41739130434782545,0.7679999999999989,0.0,-0.0,0.0767999999999999,-7.368723696038569,7.368723696038569,0.0,0.0,0.0099999999999999,0.0099999999999999,0.0,-77.76115000386395,-77.76115000386395,7.786115000386395,7.786115000386395,7.786115000386395,0.0,0.0,0.41739130434782545,0.0,7.368723696038569,2025-10-06 06:00:00,0.1373126059999999,0.0099999999999999,0.5
6.765854560922326,0.0,-67.65854560922327,0.41739130434782545,1.1519999999999984,0.0,-0.0,0.11519999999999983,-6.358463256574501,6.358463256574501,0.0,0.0,0.0099999999999999,0.0099999999999999,0.0,-67.65854560922327,-67.65854560922327,6.775854560922326,6.775854560922326,6.775854560922326,0.0,0.0,0.41739130434782545,0.0,6.358463256574501,2025-10-06 06:15:00,0.495714206,0.0099999999999999,0.5
5.336428716703686,0.0,-53.36428716703686,0.41739130434782545,1.5359999999999978,0.0,-0.0,0.1535999999999998,-4.929037412355861,4.929037412355861,0.0,0.0,0.0099999999999999,0.0099999999999999,0.0,-53.36428716703686,-53.36428716703686,5.346428716703686,5.346428716703686,5.346428716703686,0.0,0.0,0.41739130434782545,0.0,4.929037412355861,2025-10-06 06:30:00,0.540663777,0.0099999999999999,0.5
5.919675227747442,0.0,-59.19675227747442,0.41739130434782545,1.9199999999999973,0.0,-0.0,0.19199999999999973,-5.505246886362579,5.505246886362579,0.0,0.0,0.0029629629629629,0.0029629629629629,0.0,-59.19675227747442,-59.19675227747442,5.922638190710405,5.922638190710405,5.922638190710405,0.0,0.0,0.41739130434782545,0.0,5.505246886362579,2025-10-06 06:45:00,0.573965251,0.0029629629629629,0.5
5.546087922627051,0.0,-55.460879226270514,0.41739130434782545,2.3039999999999967,0.0,-0.0,0.23039999999999966,-5.131659581242189,5.131659581242189,0.0,0.0,0.0029629629629629,0.0029629629629629,0.0,-55.460879226270514,-55.460879226270514,5.549050885590014,5.549050885590014,5.549050885590014,0.0,0.0,0.41739130434782545,0.0,5.131659581242189,2025-10-06 07:00:00,0.671779006,0.0029629629629629,0.5
5.5381971826373855,0.0,-55.38197182637386,0.41739130434782545,2.687999999999996,0.0,-0.0,0.2687999999999996,-5.123768841252523,5.123768841252523,0.0,0.0,0.0029629629629629,0.0029629629629629,0.0,-55.38197182637386,-55.38197182637386,5.541160145600348,5.541160145600348,5.541160145600348,0.0,0.0,0.41739130434782545,0.0,5.123768841252523,2025-10-06 07:15:00,0.744205974,0.0029629629629629,0.5
6.070412888069813,0.0,-60.704128880698136,0.41739130434782545,3.0719999999999956,0.0,-0.0,0.3071999999999996,-5.655984546684951,5.655984546684951,0.0,0.0,0.0029629629629629,0.0029629629629629,0.0,-60.704128880698136,-60.704128880698136,6.073375851032776,6.073375851032776,6.073375851032776,0.0,0.0,0.41739130434782545,0.0,5.655984546684951,2025-10-06 07:30:00,0.7684727490000001,0.0029629629629629,0.5
11.507124801673212,0.0,-115.07124801673213,5.434782608695652,3.455999999999995,0.0,-0.0,0.3455999999999995,-6.08792508334793,6.08792508334793,0.0,0.0,0.0155828903703702,0.0155828903703702,0.0,-115.07124801673213,-115.07124801673213,11.522707692043582,11.522707692043582,11.522707692043582,0.0,0.0,5.434782608695652,0.0,6.08792508334793,2025-10-06 07:45:00,0.861955863,0.0003703703703703,0.0
7.822074447068864,0.0,-78.22074447068864,0.41739130434782545,8.455999999999996,0.0,-0.0,0.8455999999999996,-7.420266033091409,7.420266033091409,0.0,0.0,0.0155828903703702,0.0155828903703702,0.0,-78.22074447068864,-78.22074447068864,7.837657337439235,7.837657337439235,7.837657337439235,0.0,0.0,0.41739130434782545,0.0,7.420266033091409,2025-10-06 08:00:00,0.6122694,0.0003703703703703,0.5
8.450856793983874,0.0,-84.50856793983874,0.41739130434782545,8.839999999999996,0.0,-0.0,0.8839999999999997,-8.049048380006418,8.049048380006418,0.0,0.0,0.0155828903703702,0.0155828903703702,0.0,-84.50856793983874,-84.50856793983874,8.466439684354244,8.466439684354244,8.466439684354244,0.0,0.0,0.41739130434782545,0.0,8.049048380006418,2025-10-06 08:15:00,0.734125944,0.0003703703703703,0.5
8.060581452869382,0.0,-80.60581452869383,0.41739130434782545,9.223999999999997,0.0,-0.0,0.9223999999999997,-7.658773038891926,7.658773038891926,0.0,0.0,0.0155828903703702,0.0155828903703702,0.0,-80.60581452869383,-80.60581452869383,8.076164343239752,8.076164343239752,8.076164343239752,0.0,0.0,0.41739130434782545,0.0,7.658773038891926,2025-10-06 08:30:00,0.695896418,0.0003703703703703,0.5
8.259989034987553,0.0,-82.59989034987554,0.41739130434782545,9.607999999999997,0.0,-0.0,0.9607999999999997,-8.159308810639727,8.159308810639727,0.0,0.0,0.31671108,0.31671108,0.0,-82.59989034987554,-82.59989034987554,8.576700114987553,8.576700114987553,8.576700114987553,0.0,0.0,0.41739130434782545,0.0,8.159308810639727,2025-10-06 08:45:00,0.8114062740000001,0.0,0.5
6.3038819825019825,0.0,-63.03881982501983,0.008695652173915948,9.991999999999997,0.0,-0.0,0.9991999999999998,-6.6118974103280665,6.6118974103280665,0.0,0.0,0.31671108,0.31671108,0.0,-63.03881982501983,-63.03881982501983,6.620593062501983,6.620593062501983,6.620593062501983,0.0,0.0,0.008695652173916102,0.0,6.6118974103280665,2025-10-06 09:00:00,0.568141173,0.0,0.5
5.066803238754778,0.0,-50.66803238754778,0.0,10.0,0.0,-0.0,1.0,-5.383514318754778,5.383514318754778,0.0,0.0,0.31671108,0.31671108,0.0,-50.66803238754778,-50.66803238754778,5.383514318754778,5.383514318754778,5.383514318754778,0.0,0.0,0.0,0.0,5.383514318754778,2025-10-06 09:15:00,0.640269525,0.0,0.5
5.558723352689124,0.0,-55.58723352689124,0.0,10.0,0.0,-0.0,1.0,-5.875434432689124,5.875434432689124,0.0,0.0,0.31671108,0.31671108,0.0,-55.58723352689124,-55.58723352689124,5.875434432689124,5.875434432689124,5.875434432689124,0.0,0.0,0.0,0.0,5.875434432689124,2025-10-06 09:30:00,0.670733676,0.0,0.5
3.9059589375790065,0.0,-39.05958937579007,0.0,10.0,0.0,-0.0,1.0,-4.776980852530995,4.776980852530995,0.0,0.0,0.8710219149519888,0.8710219149519888,0.0,-39.05958937579007,-39.05958937579007,4.776980852530995,4.776980852530995,4.776980852530995,0.0,0.0,0.0,0.0,4.776980852530995,2025-10-06 09:45:00,0.7101578439999999,0.000877914951989,0.5
3.8873312183335678,0.0,-38.87331218333568,0.0,10.0,0.0,-0.0,1.0,-4.758353133285556,4.758353133285556,0.0,0.0,0.8710219149519888,0.8710219149519888,0.0,-38.87331218333568,-38.87331218333568,4.758353133285556,4.758353133285556,4.758353133285556,0.0,0.0,0.0,0.0,4.758353133285556,2025-10-06 10:00:00,0.634744182,0.000877914951989,0.5
3.8995442049180733,0.0,-38.99544204918073,0.0,10.0,0.0,-0.0,1.0,-4.770566119870062,4.770566119870062,0.0,0.0,0.8710219149519888,0.8710219149519888,0.0,-38.99544204918073,-38.99544204918073,4.770566119870062,4.770566119870062,4.770566119870062,0.0,0.0,0.0,0.0,4.770566119870062,2025-10-06 10:15:00,0.633250812,0.000877914951989,0.5
4.23581435183977,0.0,-42.3581435183977,0.0,10.0,0.0,-0.0,1.0,-5.106836266791759,5.106836266791759,0.0,0.0,0.8710219149519888,0.8710219149519888,0.0,-42.3581435183977,-42.3581435183977,5.106836266791759,5.106836266791759,5.106836266791759,0.0,0.0,0.0,0.0,5.106836266791759,2025-10-06 10:30:00,0.627501475,0.000877914951989,0.5
5.65090168815497,0.0,-56.5090168815497,0.0,10.0,0.0,-0.0,1.0,-7.0693404911179325,7.0693404911179325,0.0,0.0,1.4184388029629627,1.4184388029629627,0.0,-56.5090168815497,-56.5090168815497,7.0693404911179325,7.0693404911179325,7.0693404911179325,0.0,0.0,0.0,0.0,7.0693404911179325,2025-10-06 10:45:00,0.586882605,0.0029629629629629,0.5
5.646470007166225,0.0,-56.46470007166225,0.0,10.0,0.0,-0.0,1.0,-7.064908810129188,7.064908810129188,0.0,0.0,1.4184388029629627,1.4184388029629627,0.0,-56.46470007166225,-56.46470007166225,7.064908810129188,7.064908810129188,7.064908810129188,0.0,0.0,0.0,0.0,7.064908810129188,2025-10-06 11:00:00,0.632952137,0.0029629629629629,0.5
7.107614924524374,0.0,-71.07614924524374,0.0,10.0,0.0,-0.0,1.0,-8.526053727487337,8.526053727487337,0.0,0.0,1.4184388029629627,1.4184388029629627,0.0,-71.07614924524374,-71.07614924524374,8.526053727487337,8.526053727487337,8.526053727487337,0.0,0.0,0.0,0.0,8.526053727487337,2025-10-06 11:15:00,0.5707545629999999,0.0029629629629629,0.5
6.8957195041105654,0.0,-68.95719504110565,0.0,10.0,0.0,-0.0,1.0,-8.314158307073528,8.314158307073528,0.0,0.0,1.4184388029629627,1.4184388029629627,0.0,-68.95719504110565,-68.95719504110565,8.314158307073528,8.314158307073528,8.314158307073528,0.0,0.0,0.0,0.0,8.314158307073528,2025-10-06 11:30:00,0.590167975,0.0029629629629629,0.5
5.92506889269702,0.0,-59.2506889269702,0.0,10.0,0.0,-0.0,1.0,-7.5685239323129325,7.5685239323129325,0.0,0.0,1.6434550396159122,1.6434550396159122,0.0,-59.2506889269702,-59.2506889269702,7.568523932312932,7.5685239323129325,7.568523932312932,0.0,0.0,0.0,0.0,7.5685239323129325,2025-10-06 11:45:00,0.595544007,0.0070233196159122,0.5
4.9729626288546225,0.0,-49.72962628854623,0.0,10.0,0.0,-0.0,1.0,-6.616417668470535,6.616417668470535,0.0,0.0,1.6434550396159122,1.6434550396159122,0.0,-49.72962628854623,-49.72962628854623,6.616417668470534,6.616417668470535,6.616417668470534,0.0,0.0,0.0,0.0,6.616417668470535,2025-10-06 12:00:00,0.511170275,0.0070233196159122,0.5
4.296314624467659,0.0,-42.96314624467659,0.0,10.0,0.0,-0.0,1.0,-5.939769664083571,5.939769664083571,0.0,0.0,1.6434550396159122,1.6434550396159122,0.0,-42.96314624467659,-42.96314624467659,5.93976966408357,5.939769664083571,5.93976966408357,0.0,0.0,0.0,0.0,5.939769664083571,2025-10-06 12:15:00,0.581655945,0.0070233196159122,0.5
3.3310793042780635,0.0,-33.31079304278064,0.0,10.0,0.0,-0.0,1.0,-4.974534343893976,4.974534343893976,0.0,0.0,1.6434550396159122,1.6434550396159122,0.0,-33.31079304278064,-33.31079304278064,4.974534343893976,4.974534343893976,4.974534343893976,0.0,0.0,0.0,0.0,4.974534343893976,2025-10-06 12:30:00,0.613016055,0.0070233196159122,0.5
3.7753622139665097,0.0,-37.7536221396651,0.0,10.0,0.0,-0.0,1.0,-5.773172611607113,5.773172611607113,0.0,0.0,1.9978103976406034,1.9978103976406034,0.0,-37.7536221396651,-37.7536221396651,5.773172611607113,5.773172611607113,5.773172611607113,0.0,0.0,0.0,0.0,5.773172611607113,2025-10-06 12:45:00,0.641912206,0.0017146776406035,0.5
2.876731061862089,0.0,-28.76731061862089,0.0,10.0,0.0,-0.0,1.0,-4.874541459502693,4.874541459502693,0.0,0.0,1.9978103976406034,1.9978103976406034,0.0,-28.76731061862089,-28.76731061862089,4.874541459502693,4.874541459502693,4.874541459502693,0.0,0.0,0.0,0.0,4.874541459502693,2025-10-06 13:00:00,0.609805374,0.0017146776406035,0.5
3.5678446283781335,0.0,-35.678446283781334,0.0,10.0,0.0,-0.0,1.0,-5.565655026018737,5.565655026018737,0.0,0.0,1.9978103976406034,1.9978103976406034,0.0,-35.678446283781334,-35.678446283781334,5.565655026018737,5.565655026018737,5.565655026018737,0.0,0.0,0.0,0.0,5.565655026018737,2025-10-06 13:15:00,0.657442957,0.0017146776406035,0.5
3.2444701538340217,0.0,-32.44470153834022,0.0,10.0,0.0,-0.0,1.0,-5.242280551474625,5.242280551474625,0.0,0.0,1.9978103976406034,1.9978103976406034,0.0,-32.44470153834022,-32.44470153834022,5.242280551474625,5.242280551474625,5.242280551474625,0.0,0.0,0.0,0.0,5.242280551474625,2025-10-06 13:30:00,0.626306774,0.0017146776406035,0.5
4.692921678115058,0.0,-46.92921678115057,0.0,10.0,0.0,-0.0,1.0,-6.639659593067046,6.639659593067046,0.0,0.0,1.946737914951989,1.946737914951989,0.0,-46.92921678115057,-46.92921678115057,6.639659593067046,6.639659593067046,6.639659593067046,0.0,0.0,0.0,0.0,6.639659593067046,2025-10-06 13:45:00,0.615256095,0.000877914951989,0.5
5.864863264239398,0.0,-58.64863264239398,0.0,10.0,0.0,-0.0,1.0,-7.8116011791913875,7.8116011791913875,0.0,0.0,1.946737914951989,1.946737914951989,0.0,-58.64863264239398,-58.64863264239398,7.811601179191387,7.8116011791913875,7.811601179191387,0.0,0.0,0.0,0.0,7.8116011791913875,2025-10-06 14:00:00,0.598904,0.000877914951989,0.5
5.780930512502966,0.0,-57.80930512502966,0.0,10.0,0.0,-0.0,1.0,-7.7276684274549545,7.7276684274549545,0.0,0.0,1.946737914951989,1.946737914951989,0.0,-57.80930512502966,-57.80930512502966,7.7276684274549545,7.7276684274549545,7.7276684274549545,0.0,0.0,0.0,0.0,7.7276684274549545,2025-10-06 14:15:00,0.640045531,0.000877914951989,0.5
6.456942901205945,0.0,-64.56942901205946,0.0,10.0,0.0,-0.0,1.0,-8.403680816157934,8.403680816157934,0.0,0.0,1.946737914951989,1.946737914951989,0.0,-64.56942901205946,-64.56942901205946,8.403680816157934,8.403680816157934,8.403680816157934,0.0,0.0,0.0,0.0,8.403680816157934,2025-10-06 14:30:00,0.700451112,0.000877914951989,0.5
5.4409626285570045,0.0,-54.40962628557004,0.0,10.0,0.0,-0.0,1.0,-7.260600026197609,7.260600026197609,0.0,0.0,1.8196373976406037,1.8196373976406037,0.0,-54.40962628557004,-54.40962628557004,7.260600026197608,7.260600026197609,7.260600026197608,0.0,0.0,0.0,0.0,7.260600026197609,2025-10-06 14:45:00,0.680664402,0.0017146776406035,0.5
4.685752613433243,0.0,-46.85752613433243,0.0,10.0,0.0,-0.0,1.0,-6.505390011073847,6.505390011073847,0.0,0.0,1.8196373976406037,1.8196373976406037,0.0,-46.85752613433243,-46.85752613433243,6.505390011073846,6.505390011073847,6.505390011073846,0.0,0.0,0.0,0.0,6.505390011073847,2025-10-06 15:00:00,0.668045656,0.0017146776406035,0.5
4.564877305962405,0.0,-45.64877305962405,0.0,10.0,0.0,-0.0,1.0,-6.384514703603009,6.384514703603009,0.0,0.0,1.8196373976406037,1.8196373976406037,0.0,-45.64877305962405,-45.64877305962405,6.384514703603008,6.384514703603009,6.384514703603008,0.0,0.0,0.0,0.0,6.384514703603009,2025-10-06 15:15:00,0.6867124059999999,0.0017146776406035,0.5
3.4882356248624187,0.0,-34.882356248624184,0.0,10.0,0.0,-0.0,1.0,-5.307873022503022,5.307873022503022,0.0,0.0,1.8196373976406037,1.8196373976406037,0.0,-34.882356248624184,-34.882356248624184,5.307873022503022,5.307873022503022,5.307873022503022,0.0,0.0,0.0,0.0,5.307873022503022,2025-10-06 15:30:00,0.714413856,0.0017146776406035,0.5
3.6568005805176087,0.0,-36.568005805176085,0.0,10.0,0.0,-0.0,1.0,-5.195149143480571,5.195149143480571,0.0,0.0,1.5383485629629627,1.5383485629629627,0.0,-36.568005805176085,-36.568005805176085,5.195149143480571,5.195149143480571,5.195149143480571,0.0,0.0,0.0,0.0,5.195149143480571,2025-10-06 15:45:00,0.7541367,0.0029629629629629,0.5
2.4792612318396205,0.0,-24.792612318396205,0.0,10.0,0.0,-0.0,1.0,-4.017609794802583,4.017609794802583,0.0,0.0,1.5383485629629627,1.5383485629629627,0.0,-24.792612318396205,-24.792612318396205,4.017609794802583,4.017609794802583,4.017609794802583,0.0,0.0,0.0,0.0,4.017609794802583,2025-10-06 16:00:00,0.6454961929999999,0.0029629629629629,0.5
3.8521301002253283,0.0,-38.52130100225328,0.0,10.0,0.0,-0.0,1.0,-5.390478663188291,5.390478663188291,0.0,0.0,1.5383485629629627,1.5383485629629627,0.0,-38.52130100225328,-38.52130100225328,5.390478663188291,5.390478663188291,5.390478663188291,0.0,0.0,0.0,0.0,5.390478663188291,2025-10-06 16:15:00,0.730765951,0.0029629629629629,0.5
5.250194379023483,0.0,-52.50194379023483,0.0,10.0,0.0,-0.0,1.0,-6.788542941986446,6.788542941986446,0.0,0.0,1.5383485629629627,1.5383485629629627,0.0,-52.50194379023483,-52.50194379023483,6.788542941986446,6.788542941986446,6.788542941986446,0.0,0.0,0.0,0.0,6.788542941986446,2025-10-06 16:30:00,0.8264890380000001,0.0029629629629629,0.5
5.623466953703664,0.0,-56.23466953703664,0.0,10.0,0.0,-0.0,1.0,-6.557395148655653,6.557395148655653,0.0,0.0,0.933928194951989,0.933928194951989,0.0,-56.23466953703664,-56.23466953703664,6.557395148655653,6.557395148655653,6.557395148655653,0.0,0.0,0.0,0.0,6.557395148655653,2025-10-06 16:45:00,0.919897418,0.000877914951989,0.0
6.420185060279905,0.0,-64.20185060279904,0.0,10.0,0.0,-0.0,1.0,-7.354113255231893,7.354113255231893,0.0,0.0,0.933928194951989,0.933928194951989,0.0,-64.20185060279904,-64.20185060279904,7.354113255231893,7.354113255231893,7.354113255231893,0.0,0.0,0.0,0.0,7.354113255231893,2025-10-06 17:00:00,0.702019112,0.000877914951989,0.5
6.999564331131645,0.0,-69.99564331131646,0.0,10.0,0.0,-0.0,1.0,-7.933492526083634,7.933492526083634,0.0,0.0,0.933928194951989,0.933928194951989,0.0,-69.99564331131646,-69.99564331131646,7.933492526083634,7.933492526083634,7.933492526083634,0.0,0.0,0.0,0.0,7.933492526083634,2025-10-06 17:15:00,0.843961094,0.000877914951989,0.0
6.312516553320533,0.0,-63.12516553320533,0.0,10.0,0.0,-0.0,1.0,-7.246444748272522,7.246444748272522,0.0,0.0,0.933928194951989,0.933928194951989,0.0,-63.12516553320533,-63.12516553320533,7.246444748272522,7.246444748272522,7.246444748272522,0.0,0.0,0.0,0.0,7.246444748272522,2025-10-06 17:30:00,0.910414731,0.000877914951989,0.0
7.507189846876041,0.0,-75.07189846876041,0.0,10.0,0.0,-0.0,1.0,-7.8648858468760405,7.8648858468760405,0.0,0.0,0.3576959999999999,0.3576959999999999,0.0,-75.07189846876041,-75.07189846876041,7.8648858468760405,7.8648858468760405,7.8648858468760405,0.0,0.0,0.0,0.0,7.8648858468760405,2025-10-06 17:45:00,1.139269101,0.0,0.0
6.050918731314896,0.0,-60.509187313148956,0.0,10.0,0.0,-0.0,1.0,-6.408614731314896,6.408614731314896,0.0,0.0,0.3576959999999999,0.3576959999999999,0.0,-60.509187313148956,-60.509187313148956,6.408614731314896,6.408614731314896,6.408614731314896,0.0,0.0,0.0,0.0,6.408614731314896,2025-10-06 18:00:00,0.820889013,0.0,0.5
5.703986619522232,0.0,-57.039866195222324,0.0,10.0,0.0,-0.0,1.0,-6.061682619522232,6.061682619522232,0.0,0.0,0.3576959999999999,0.3576959999999999,0.0,-57.039866195222324,-57.039866195222324,6.061682619522232,6.061682619522232,6.061682619522232,0.0,0.0,0.0,0.0,6.061682619522232,2025-10-06 18:15:00,0.8847292680000001,0.0,0.0
5.598995416173539,0.0,-55.98995416173538,0.0,10.0,0.0,-0.0,1.0,-5.9566914161735385,5.9566914161735385,0.0,0.0,0.3576959999999999,0.3576959999999999,0.0,-55.98995416173538,-55.98995416173538,5.9566914161735385,5.9566914161735385,5.9566914161735385,0.0,0.0,0.0,0.0,5.9566914161735385,2025-10-06 18:30:00,1.104324885,0.0,0.0
4.609137725331808,0.0,-46.091377253318086,0.0,10.0,0.0,-0.0,1.0,-4.644240485331808,4.644240485331808,0.0,0.0,0.03510276,0.03510276,0.0,-46.091377253318086,-46.091377253318086,4.644240485331808,4.644240485331808,4.644240485331808,0.0,0.0,0.0,0.0,4.644240485331808,2025-10-06 18:45:00,1.425691713,0.0,0.0
4.974161803237722,0.0,-49.74161803237722,0.0,10.0,0.0,-0.0,1.0,-5.009264563237722,5.009264563237722,0.0,0.0,0.03510276,0.03510276,0.0,-49.74161803237722,-49.74161803237722,5.009264563237722,5.009264563237722,5.009264563237722,0.0,0.0,0.0,0.0,5.009264563237722,2025-10-06 19:00:00,1.262096294,0.0,0.0
5.4755656705826325,0.0,-54.755656705826325,0.0,10.0,0.0,-0.0,1.0,-5.510668430582633,5.510668430582633,0.0,0.0,0.03510276,0.03510276,0.0,-54.755656705826325,-54.755656705826325,5.510668430582633,5.510668430582633,5.510668430582633,0.0,0.0,0.0,0.0,5.510668430582633,2025-10-06 19:15:00,1.3104058500000002,0.0,0.0
5.825614953517117,0.0,-58.25614953517117,0.0,10.0,0.0,-0.0,1.0,-5.860717713517117,5.860717713517117,0.0,0.0,0.03510276,0.03510276,0.0,-58.25614953517117,-58.25614953517117,5.860717713517117,5.860717713517117,5.860717713517117,0.0,0.0,0.0,0.0,5.860717713517117,2025-10-06 19:30:00,1.262768267,0.0,0.0
6.018866153190401,0.0,-60.18866153190401,0.0,10.0,0.0,-0.0,1.0,-6.018866153190401,6.018866153190401,0.0,0.0,0.0,0.0,0.0,-60.18866153190401,-60.18866153190401,6.018866153190401,6.018866153190401,6.018866153190401,0.0,0.0,0.0,0.0,6.018866153190401,2025-10-06 19:45:00,1.196240059,0.0,0.0
7.207466293527391,0.0,-72.0746629352739,0.0,10.0,0.0,-0.0,1.0,-7.207466293527391,7.207466293527391,0.0,0.0,0.0,0.0,0.0,-72.0746629352739,-72.0746629352739,7.207466293527391,7.207466293527391,7.207466293527391,0.0,0.0,0.0,0.0,7.207466293527391,2025-10-06 20:00:00,1.171749179,0.0,0.0
8.645437269183475,0.0,-86.45437269183475,0.0,10.0,0.0,-0.0,1.0,-8.645437269183475,8.645437269183475,0.0,0.0,0.0,0.0,0.0,-86.45437269183475,-86.45437269183475,8.645437269183475,8.645437269183475,8.645437269183475,0.0,0.0,0.0,0.0,8.645437269183475,2025-10-06 20:15:00,0.978884415,0.0,0.0
7.181216727390249,0.0,-71.81216727390249,0.0,10.0,0.0,-0.0,1.0,-7.181216727390249,7.181216727390249,0.0,0.0,0.0,0.0,0.0,-71.81216727390249,-71.81216727390249,7.181216727390249,7.181216727390249,7.181216727390249,0.0,0.0,0.0,0.0,7.181216727390249,2025-10-06 20:30:00,0.939833551,0.0,0.0
7.584112785453446,0.0,-75.84112785453445,0.0,10.0,0.0,-0.0,1.0,-7.584112785453446,7.584112785453446,0.0,0.0,0.0,0.0,0.0,-75.84112785453445,-75.84112785453445,7.584112785453446,7.584112785453446,7.584112785453446,0.0,0.0,0.0,0.0,7.584112785453446,2025-10-06 20:45:00,0.902052012,0.0,0.0
6.829935400326037,0.0,-68.29935400326038,0.0,10.0,0.0,-0.0,1.0,-6.829935400326037,6.829935400326037,0.0,0.0,0.0,0.0,0.0,-68.29935400326038,-68.29935400326038,6.829935400326037,6.829935400326037,6.829935400326037,0.0,0.0,0.0,0.0,6.829935400326037,2025-10-06 21:00:00,0.9557376,0.0,0.0
6.28105340401061,0.0,-62.8105340401061,0.0,10.0,0.0,-0.0,1.0,-6.28105340401061,6.28105340401061,0.0,0.0,0.0,0.0,0.0,-62.8105340401061,-62.8105340401061,6.28105340401061,6.28105340401061,6.28105340401061,0.0,0.0,0.0,0.0,6.28105340401061,2025-10-06 21:15:00,0.925348131,0.0,0.0
5.758829843206936,0.0,-57.58829843206936,0.0,10.0,0.0,-0.0,1.0,-5.758829843206936,5.758829843206936,0.0,0.0,0.0,0.0,0.0,-57.58829843206936,-57.58829843206936,5.758829843206936,5.758829843206936,5.758829843206936,0.0,0.0,0.0,0.0,5.758829843206936,2025-10-06 21:30:00,0.86352387,0.0,0.0
5.58180365498066,0.0,-55.8180365498066,0.0,10.0,0.0,-0.0,1.0,-5.58180365498066,5.58180365498066,0.0,0.0,0.0,0.0,0.0,-55.8180365498066,-55.8180365498066,5.58180365498066,5.58180365498066,5.58180365498066,0.0,0.0,0.0,0.0,5.58180365498066,2025-10-06 21:45:00,0.845454463,0.0,0.0
4.700672010607099,0.0,-47.00672010607099,0.0,10.0,0.0,-0.0,1.0,-4.700672010607099,4.700672010607099,0.0,0.0,0.0,0.0,0.0,-47.00672010607099,-47.00672010607099,4.700672010607099,4.700672010607099,4.700672010607099,0.0,0.0,0.0,0.0,4.700672010607099,2025-10-06 22:00:00,1.009945805,0.0,0.0
5.430509340990811,0.0,-54.30509340990811,0.0,10.0,0.0,-0.0,1.0,-5.430509340990811,5.430509340990811,0.0,0.0,0.0,0.0,0.0,-54.30509340990811,-54.30509340990811,5.430509340990811,5.430509340990811,5.430509340990811,0.0,0.0,0.0,0.0,5.430509340990811,2025-10-06 22:15:00,0.855534501,0.0,0.0
5.949117429024789,0.0,-59.49117429024789,0.0,10.0,0.0,-0.0,1.0,-5.949117429024789,5.949117429024789,0.0,0.0,0.0,0.0,0.0,-59.49117429024789,-59.49117429024789,5.949117429024789,5.949117429024789,5.949117429024789,0.0,0.0,0.0,0.0,5.949117429024789,2025-10-06 22:30:00,0.860163818,0.0,0.0
6.756984460376965,0.0,-67.56984460376965,0.0,10.0,0.0,-0.0,1.0,-6.756984460376965,6.756984460376965,0.0,0.0,0.0,0.0,0.0,-67.56984460376965,-67.56984460376965,6.756984460376965,6.756984460376965,6.756984460376965,0.0,0.0,0.0,0.0,6.756984460376965,2025-10-06 22:45:00,0.8184996760000001,0.0,0.5
7.114886831057367,0.0,-71.14886831057368,0.0,10.0,0.0,-0.0,1.0,-7.114886831057367,7.114886831057367,0.0,0.0,0.0,0.0,0.0,-71.14886831057368,-71.14886831057368,7.114886831057367,7.114886831057367,7.114886831057367,0.0,0.0,0.0,0.0,7.114886831057367,2025-10-06 23:00:00,0.838734426,0.0,0.0
7.462744144717802,0.0,-74.62744144717801,0.0,10.0,0.0,-0.0,1.0,-7.462744144717802,7.462744144717802,0.0,0.0,0.0,0.0,0.0,-74.62744144717801,-74.62744144717801,7.462744144717802,7.462744144717802,7.462744144717802,0.0,0.0,0.0,0.0,7.462744144717802,2025-10-06 23:15:00,0.784302175,0.0,0.5
7.551217787540958,0.0,-75.51217787540958,0.0,10.0,0.0,-0.0,1.0,-7.551217787540958,7.551217787540958,0.0,0.0,0.0,0.0,0.0,-75.51217787540958,-75.51217787540958,7.551217787540958,7.551217787540958,7.551217787540958,0.0,0.0,0.0,0.0,7.551217787540958,2025-10-06 23:30:00,0.774072774,0.0,0.5
7.391852307240267,0.0,-73.91852307240268,0.0,10.0,0.0,-0.0,1.0,-7.391852307240267,7.391852307240267,0.0,0.0,0.0,0.0,0.0,-73.91852307240268,-73.91852307240268,7.391852307240267,7.391852307240267,7.391852307240267,0.0,0.0,0.0,0.0,7.391852307240267,2025-10-06 23:45:00,0.753838025,0.0,0.5
7.179453259267772,0.0,-71.79453259267773,0.0,10.0,0.0,-0.0,1.0,-7.179453259267772,7.179453259267772,0.0,0.0,0.0,0.0,0.0,-71.79453259267773,-71.79453259267773,7.179453259267772,7.179453259267772,7.179453259267772,0.0,0.0,0.0,0.0,7.179453259267772,2025-10-07 00:00:00,0.7878115320000001,0.0,0.5
6.537134216023086,0.0,-65.37134216023085,0.0,10.0,0.0,-0.0,1.0,-6.537134216023086,6.537134216023086,0.0,0.0,0.0,0.0,0.0,-65.37134216023085,-65.37134216023085,6.537134216023086,6.537134216023086,6.537134216023086,0.0,0.0,0.0,0.0,6.537134216023086,2025-10-07 00:15:00,0.766158094,0.0,0.5
5.588931135474802,0.0,-55.88931135474802,0.0,10.0,0.0,-0.0,1.0,-5.588931135474802,5.588931135474802,0.0,0.0,0.0,0.0,0.0,-55.88931135474802,-55.88931135474802,5.588931135474802,5.588931135474802,5.588931135474802,0.0,0.0,0.0,0.0,5.588931135474802,2025-10-07 00:30:00,0.739576657,0.0,0.5
4.718745229293543,0.0,-47.187452292935426,0.0,10.0,0.0,-0.0,1.0,-4.718745229293543,4.718745229293543,0.0,0.0,0.0,0.0,0.0,-47.187452292935426,-47.187452292935426,4.718745229293543,4.718745229293543,4.718745229293543,0.0,0.0,0.0,0.0,4.718745229293543,2025-10-07 00:45:00,0.701048456,0.0,0.5
5.531153011383752,0.0,-55.31153011383752,0.0,10.0,0.0,-0.0,1.0,-5.531153011383752,5.531153011383752,0.0,0.0,0.0,0.0,0.0,-55.31153011383752,-55.31153011383752,5.531153011383752,5.531153011383752,5.531153011383752,0.0,0.0,0.0,0.0,5.531153011383752,2025-10-07 01:00:00,0.74667,0.0,0.5
5.7131190584527,0.0,-57.131190584527005,0.0,10.0,0.0,-0.0,1.0,-5.7131190584527,5.7131190584527,0.0,0.0,0.0,0.0,0.0,-57.131190584527005,-57.131190584527005,5.7131190584527,5.7131190584527,5.7131190584527,0.0,0.0,0.0,0.0,5.7131190584527,2025-10-07 01:15:00,0.707992494,0.0,0.5
5.607621325978648,0.0,-56.07621325978648,0.0,10.0,0.0,-0.0,1.0,-5.607621325978648,5.607621325978648,0.0,0.0,0.0,0.0,0.0,-56.07621325978648,-56.07621325978648,5.607621325978648,5.607621325978648,5.607621325978648,0.0,0.0,0.0,0.0,5.607621325978648,2025-10-07 01:30:00,0.6920137559999999,0.0,0.5
6.237872978833978,0.0,-62.378729788339776,0.0,10.0,0.0,-0.0,1.0,-6.237872978833978,6.237872978833978,0.0,0.0,0.0,0.0,0.0,-62.378729788339776,-62.378729788339776,6.237872978833978,6.237872978833978,6.237872978833978,0.0,0.0,0.0,0.0,6.237872978833978,2025-10-07 01:45:00,0.6604295929999999,0.0,0.5
7.3925423853311445,0.0,-73.92542385331144,0.0,10.0,0.0,-0.0,1.0,-7.3925423853311445,7.3925423853311445,0.0,0.0,0.0,0.0,0.0,-73.92542385331144,-73.92542385331144,7.3925423853311445,7.3925423853311445,7.3925423853311445,0.0,0.0,0.0,0.0,7.3925423853311445,2025-10-07 02:00:00,0.681187063,0.0,0.5
8.368592190249903,0.0,-83.68592190249902,0.0,10.0,0.0,-0.0,1.0,-8.368592190249903,8.368592190249903,0.0,0.0,0.0,0.0,0.0,-83.68592190249902,-83.68592190249902,8.368592190249903,8.368592190249903,8.368592190249903,0.0,0.0,0.0,0.0,8.368592190249903,2025-10-07 02:15:00,0.667224319,0.0,0.5
8.124341023490885,0.0,-81.24341023490885,0.0,10.0,0.0,-0.0,1.0,-8.124341023490885,8.124341023490885,0.0,0.0,0.0,0.0,0.0,-81.24341023490885,-81.24341023490885,8.124341023490885,8.124341023490885,8.124341023490885,0.0,0.0,0.0,0.0,8.124341023490885,2025-10-07 02:30:00,0.667896293,0.0,0.5
7.9170466729639335,0.0,-79.17046672963933,0.0,10.0,0.0,-0.0,1.0,-7.9170466729639335,7.9170466729639335,0.0,0.0,0.0,0.0,0.0,-79.17046672963933,-79.17046672963933,7.9170466729639335,7.9170466729639335,7.9170466729639335,0.0,0.0,0.0,0.0,7.9170466729639335,2025-10-07 02:45:00,0.666253663,0.0,0.5
6.96594658001103,0.0,-69.6594658001103,0.0,10.0,0.0,-0.0,1.0,-6.96594658001103,6.96594658001103,0.0,0.0,0.0,0.0,0.0,-69.6594658001103,-69.6594658001103,6.96594658001103,6.96594658001103,6.96594658001103,0.0,0.0,0.0,0.0,6.96594658001103,2025-10-07 03:00:00,0.661997652,0.0,0.5
6.415262816852647,0.0,-64.15262816852648,0.0,10.0,0.0,-0.0,1.0,-6.415262816852647,6.415262816852647,0.0,0.0,0.0,0.0,0.0,-64.15262816852648,-64.15262816852648,6.415262816852647,6.415262816852647,6.415262816852647,0.0,0.0,0.0,0.0,6.415262816852647,2025-10-07 03:15:00,0.661474923,0.0,0.5
6.0773613769144985,0.0,-60.77361376914499,0.0,10.0,0.0,-0.0,1.0,-6.0773613769144985,6.0773613769144985,0.0,0.0,0.0,0.0,0.0,-60.77361376914499,-60.77361376914499,6.0773613769144985,6.0773613769144985,6.0773613769144985,0.0,0.0,0.0,0.0,6.0773613769144985,2025-10-07 03:30:00,0.668045656,0.0,0.5
4.842459755180754,0.0,-48.424597551807544,0.0,10.0,0.0,-0.0,1.0,-4.842459755180754,4.842459755180754,0.0,0.0,0.0,0.0,0.0,-48.424597551807544,-48.424597551807544,4.842459755180754,4.842459755180754,4.842459755180754,0.0,0.0,0.0,0.0,4.842459755180754,2025-10-07 03:45:00,0.6830537379999999,0.0,0.5
4.866088060413912,0.0,-48.660880604139116,0.0,10.0,0.0,-0.0,1.0,-4.866088060413912,4.866088060413912,0.0,0.0,0.0,0.0,0.0,-48.660880604139116,-48.660880604139116,4.866088060413912,4.866088060413912,4.866088060413912,0.0,0.0,0.0,0.0,4.866088060413912,2025-10-07 04:00:00,0.649005549,0.0,0.5
5.207099399619934,0.0,-52.07099399619934,0.0,10.0,0.0,-0.0,1.0,-5.207099399619934,5.207099399619934,0.0,0.0,0.0,0.0,0.0,-52.07099399619934,-52.07099399619934,5.207099399619934,5.207099399619934,5.207099399619934,0.0,0.0,0.0,0.0,5.207099399619934,2025-10-07 04:15:00,0.663042982,0.0,0.5
5.862711513387135,0.0,-58.62711513387134,0.0,10.0,0.0,-0.0,1.0,-5.862711513387135,5.862711513387135,0.0,0.0,0.0,0.0,0.0,-58.62711513387134,-58.62711513387134,5.862711513387135,5.862711513387135,5.862711513387135,0.0,0.0,0.0,0.0,5.862711513387135,2025-10-07 04:30:00,0.709560494,0.0,0.5
6.002489990799754,0.0,-60.024899907997536,0.0,10.0,0.0,-0.0,1.0,-6.002489990799754,6.002489990799754,0.0,0.0,0.0,0.0,0.0,-60.024899907997536,-60.024899907997536,6.002489990799754,6.002489990799754,6.002489990799754,0.0,0.0,0.0,0.0,6.002489990799754,2025-10-07 04:45:00,0.75525672,0.0,0.5
6.589708941318399,0.0,-65.89708941318399,0.0,10.0,0.0,-0.0,1.0,-6.589708941318399,6.589708941318399,0.0,0.0,0.0,0.0,0.0,-65.89708941318399,-65.89708941318399,6.589708941318399,6.589708941318399,6.589708941318399,0.0,0.0,0.0,0.0,6.589708941318399,2025-10-07 05:00:00,0.649154913,0.0,0.5
7.453810703859427,0.0,-74.53810703859426,0.0,10.0,0.0,-0.0,1.0,-7.453810703859427,7.453810703859427,0.0,0.0,0.0,0.0,0.0,-74.53810703859426,-74.53810703859426,7.453810703859427,7.453810703859427,7.453810703859427,0.0,0.0,0.0,0.0,7.453810703859427,2025-10-07 05:15:00,0.6952244439999999,0.0,0.5
8.058411950749903,0.0,-80.58411950749903,0.0,10.0,0.0,-0.0,1.0,-8.058411950749903,8.058411950749903,0.0,0.0,0.0,0.0,0.0,-80.58411950749903,-80.58411950749903,8.058411950749903,8.058411950749903,8.058411950749903,0.0,0.0,0.0,0.0,8.058411950749903,2025-10-07 05:30:00,0.739576657,0.0,0.5
7.915969657401201,0.0,-79.159696574012,0.0,10.0,0.0,-0.0,1.0,-7.915969657401201,7.915969657401201,0.0,0.0,0.0,0.0,0.0,-79.159696574012,-79.159696574012,7.915969657401201,7.915969657401201,7.915969657401201,0.0,0.0,0.0,0.0,7.915969657401201,2025-10-07 05:45:00,0.805358269,0.0,0.5
6.8385088050118314,0.0,-68.38508805011831,0.0,10.0,0.0,-0.0,1.0,-6.8385088050118314,6.8385088050118314,0.0,0.0,0.0,0.0,0.0,-68.38508805011831,-68.38508805011831,6.8385088050118314,6.8385088050118314,6.8385088050118314,0.0,0.0,0.0,0.0,6.8385088050118314,2025-10-07 06:00:00,0.7972195369999999,0.0,0.5
6.7836574519186765,0.0,-67.83657451918677,0.0,10.0,0.0,-0.0,1.0,-6.7836574519186765,6.7836574519186765,0.0,0.0,0.0,0.0,0.0,-67.83657451918677,-67.83657451918677,6.7836574519186765,6.7836574519186765,6.7836574519186765,0.0,0.0,0.0,0.0,6.7836574519186765,2025-10-07 06:15:00,0.933860169,0.0,0.0
5.402273206601569,0.0,-54.02273206601569,0.0,10.0,0.0,-0.0,1.0,-5.402273206601569,5.402273206601569,0.0,0.0,0.0,0.0,0.0,-54.02273206601569,-54.02273206601569,5.402273206601569,5.402273206601569,5.402273206601569,0.0,0.0,0.0,0.0,5.402273206601569,2025-10-07 06:30:00,1.027268601,0.0,0.0
4.946453667065688,0.0,-49.464536670656884,0.0,10.0,0.0,-0.0,1.0,-4.946453667065688,4.946453667065688,0.0,0.0,0.0,0.0,0.0,-49.464536670656884,-49.464536670656884,4.946453667065688,4.946453667065688,4.946453667065688,0.0,0.0,0.0,0.0,4.946453667065688,2025-10-07 06:45:00,1.139343723,0.0,0.0
4.731179419189697,0.0,-47.31179419189697,0.0,10.0,0.0,-0.0,1.0,-4.731179419189697,4.731179419189697,0.0,0.0,0.0,0.0,0.0,-47.31179419189697,-47.31179419189697,4.731179419189697,4.731179419189697,4.731179419189697,0.0,0.0,0.0,0.0,4.731179419189697,2025-10-07 07:00:00,1.063706134,0.0,0.0
5.15918352609875,0.0,-51.5918352609875,0.0,10.0,0.0,-0.0,1.0,-5.15918352609875,5.15918352609875,0.0,0.0,0.0,0.0,0.0,-51.5918352609875,-51.5918352609875,5.15918352609875,5.15918352609875,5.15918352609875,0.0,0.0,0.0,0.0,5.15918352609875,2025-10-07 07:15:00,1.473030569,0.0,0.0
6.031011000696158,0.0,-60.31011000696158,0.0,10.0,0.0,-0.0,1.0,-6.031011000696158,6.031011000696158,0.0,0.0,0.0,0.0,0.0,-60.31011000696158,-60.31011000696158,6.031011000696158,6.031011000696158,6.031011000696158,0.0,0.0,0.0,0.0,6.031011000696158,2025-10-07 07:30:00,1.8890751,0.0,0.0
6.8305439534302135,0.0,-68.30543953430214,0.0,10.0,0.0,-0.0,1.0,-6.833506916393176,6.833506916393176,0.0,0.0,0.0029629629629629,0.0029629629629629,0.0,-68.30543953430214,-68.30543953430214,6.833506916393176,6.833506916393176,6.833506916393176,0.0,0.0,0.0,0.0,6.833506916393176,2025-10-07 07:45:00,1.975464871,0.0029629629629629,0.0
6.978124264461157,0.0,-69.78124264461157,0.0,10.0,0.0,-0.0,1.0,-6.98108722742412,6.98108722742412,0.0,0.0,0.0029629629629629,0.0029629629629629,0.0,-69.78124264461157,-69.78124264461157,6.98108722742412,6.98108722742412,6.98108722742412,0.0,0.0,0.0,0.0,6.98108722742412,2025-10-07 08:00:00,2.134206764,0.0029629629629629,0.0
8.46817527985661,0.0,-84.6817527985661,0.0,10.0,0.0,-0.0,1.0,-8.471138242819572,8.471138242819572,0.0,0.0,0.0029629629629629,0.0029629629629629,0.0,-84.6817527985661,-84.6817527985661,8.471138242819572,8.471138242819572,8.471138242819572,0.0,0.0,0.0,0.0,8.471138242819572,2025-10-07 08:15:00,2.04811572,0.0029629629629629,0.0
7.550261486655508,0.0,-75.50261486655508,0.0,10.0,0.0,-0.0,1.0,-7.553224449618471,7.553224449618471,0.0,0.0,0.0029629629629629,0.0029629629629629,0.0,-75.50261486655508,-75.50261486655508,7.553224449618471,7.553224449618471,7.553224449618471,0.0,0.0,0.0,0.0,7.553224449618471,2025-10-07 08:30:00,1.987411636,0.0029629629629629,0.0
7.7093117589955575,0.0,-77.09311758995557,0.0,10.0,0.0,-0.0,1.0,-7.726117996636161,7.726117996636161,0.0,0.0,0.0168062376406034,0.0168062376406034,0.0,-77.09311758995557,-77.09311758995557,7.726117996636161,7.726117996636161,7.726117996636161,0.0,0.0,0.0,0.0,7.726117996636161,2025-10-07 08:45:00,1.887432419,0.0017146776406035,0.0
6.924213761871736,0.0,-69.24213761871736,0.0,10.0,0.0,-0.0,1.0,-6.941019999512339,6.941019999512339,0.0,0.0,0.0168062376406034,0.0168062376406034,0.0,-69.24213761871736,-69.24213761871736,6.941019999512339,6.941019999512339,6.941019999512339,0.0,0.0,0.0,0.0,6.941019999512339,2025-10-07 09:00:00,2.1179294100000003,0.0017146776406035,0.0
5.796351550203757,0.0,-57.963515502037566,0.0,10.0,0.0,-0.0,1.0,-5.81315778784436,5.81315778784436,0.0,0.0,0.0168062376406034,0.0168062376406034,0.0,-57.963515502037566,-57.963515502037566,5.81315778784436,5.81315778784436,5.81315778784436,0.0,0.0,0.0,0.0,5.81315778784436,2025-10-07 09:15:00,1.7874533060000002,0.0017146776406035,0.0
5.412689123501908,0.0,-54.12689123501907,0.0,10.0,0.0,-0.0,1.0,-5.429495361142511,5.429495361142511,0.0,0.0,0.0168062376406034,0.0168062376406034,0.0,-54.12689123501907,-54.12689123501907,5.429495361142511,5.429495361142511,5.429495361142511,0.0,0.0,0.0,0.0,5.429495361142511,2025-10-07 09:30:00,1.21819206,0.0017146776406035,0.0
4.599821918838967,0.0,-45.99821918838967,0.0,10.0,0.0,-0.0,1.0,-4.642001758454879,4.642001758454879,0.0,0.0,0.04217983961591219,0.04217983961591219,0.0,-45.99821918838967,-45.99821918838967,4.642001758454879,4.642001758454879,4.642001758454879,0.0,0.0,0.0,0.0,4.642001758454879,2025-10-07 09:45:00,0.995385762,0.0070233196159122,0.0
4.795748025105271,0.0,-47.957480251052715,0.0,10.0,0.0,-0.0,1.0,-4.837927864721183,4.837927864721183,0.0,0.0,0.04217983961591219,0.04217983961591219,0.0,-47.957480251052715,-47.957480251052715,4.837927864721183,4.837927864721183,4.837927864721183,0.0,0.0,0.0,0.0,4.837927864721183,2025-10-07 10:00:00,1.451302442,0.0070233196159122,0.0
5.224627353871918,0.0,-52.24627353871918,0.0,10.0,0.0,-0.0,1.0,-5.26680719348783,5.26680719348783,0.0,0.0,0.04217983961591219,0.04217983961591219,0.0,-52.24627353871918,-52.24627353871918,5.26680719348783,5.26680719348783,5.26680719348783,0.0,0.0,0.0,0.0,5.26680719348783,2025-10-07 10:15:00,1.196912032,0.0070233196159122,0.0
6.295813279052117,0.0,-62.95813279052118,0.0,10.0,0.0,-0.0,1.0,-6.337993118668029,6.337993118668029,0.0,0.0,0.04217983961591219,0.04217983961591219,0.0,-62.95813279052118,-62.95813279052118,6.337993118668029,6.337993118668029,6.337993118668029,0.0,0.0,0.0,0.0,6.337993118668029,2025-10-07 10:30:00,1.012260571,0.0070233196159122,0.0
6.627998589063298,0.0,-66.27998589063299,0.0,10.0,0.0,-0.0,1.0,-6.6901992286792105,6.6901992286792105,0.0,0.0,0.0622006396159121,0.0622006396159121,0.0,-66.27998589063299,-66.27998589063299,6.6901992286792105,6.6901992286792105,6.6901992286792105,0.0,0.0,0.0,0.0,6.6901992286792105,2025-10-07 10:45:00,0.86352387,0.0070233196159122,0.0
7.033765627930115,0.0,-70.33765627930114,0.0,10.0,0.0,-0.0,1.0,-7.095966267546027,7.095966267546027,0.0,0.0,0.0622006396159121,0.0622006396159121,0.0,-70.33765627930114,-70.33765627930114,7.095966267546027,7.095966267546027,7.095966267546027,0.0,0.0,0.0,0.0,7.095966267546027,2025-10-07 11:00:00,1.142778457,0.0070233196159122,0.0
7.64282416832441,0.0,-76.4282416832441,0.0,10.0,0.0,-0.0,1.0,-7.705024807940322,7.705024807940322,0.0,0.0,0.0622006396159121,0.0622006396159121,0.0,-76.4282416832441,-76.4282416832441,7.705024807940322,7.705024807940322,7.705024807940322,0.0,0.0,0.0,0.0,7.705024807940322,2025-10-07 11:15:00,0.978585687,0.0070233196159122,0.0
7.98502563541915,0.0,-79.8502563541915,0.0,10.0,0.0,-0.0,1.0,-8.047226275035062,8.047226275035062,0.0,0.0,0.0622006396159121,0.0622006396159121,0.0,-79.8502563541915,-79.8502563541915,8.047226275035062,8.047226275035062,8.047226275035062,0.0,0.0,0.0,0.0,8.047226275035062,2025-10-07 11:30:00,0.8834599439999999,0.0070233196159122,0.0
7.644639723168865,0.0,-76.44639723168865,0.0,10.0,0.0,-0.0,1.0,-7.731811522784777,7.731811522784777,0.0,0.0,0.08717179961591219,0.08717179961591219,0.0,-76.44639723168865,-76.44639723168865,7.731811522784777,7.731811522784777,7.731811522784777,0.0,0.0,0.0,0.0,7.731811522784777,2025-10-07 11:45:00,0.826862343,0.0070233196159122,0.5
7.547442536596738,0.0,-75.47442536596738,0.0,10.0,0.0,-0.0,1.0,-7.63461433621265,7.63461433621265,0.0,0.0,0.08717179961591219,0.08717179961591219,0.0,-75.47442536596738,-75.47442536596738,7.63461433621265,7.63461433621265,7.63461433621265,0.0,0.0,0.0,0.0,7.63461433621265,2025-10-07 12:00:00,0.918478782,0.0070233196159122,0.0
6.703723831058624,0.0,-67.03723831058623,0.0,10.0,0.0,-0.0,1.0,-6.790895630674536,6.790895630674536,0.0,0.0,0.08717179961591219,0.08717179961591219,0.0,-67.03723831058623,-67.03723831058623,6.790895630674536,6.790895630674536,6.790895630674536,0.0,0.0,0.0,0.0,6.790895630674536,2025-10-07 12:15:00,0.816707624,0.0070233196159122,0.5
5.228797426219227,0.0,-52.28797426219227,0.0,10.0,0.0,-0.0,1.0,-5.315969225835139,5.315969225835139,0.0,0.0,0.08717179961591219,0.08717179961591219,0.0,-52.28797426219227,-52.28797426219227,5.315969225835139,5.315969225835139,5.315969225835139,0.0,0.0,0.0,0.0,5.315969225835139,2025-10-07 12:30:00,0.790798227,0.0070233196159122,0.5
4.550874128980213,0.0,-45.508741289802124,0.0,10.0,0.0,-0.0,1.0,-4.718870416497359,4.718870416497359,0.0,0.0,0.16799628751714668,0.16799628751714668,0.0,-45.508741289802124,-45.508741289802124,4.718870416497359,4.718870416497359,4.718870416497359,0.0,0.0,0.0,0.0,4.718870416497359,2025-10-07 12:45:00,0.787438175,0.0182578875171467,0.5
3.617946838266472,0.0,-36.17946838266472,0.0,10.0,0.0,-0.0,1.0,-3.7859431257836187,3.7859431257836187,0.0,0.0,0.16799628751714668,0.16799628751714668,0.0,-36.17946838266472,-36.17946838266472,3.7859431257836187,3.7859431257836187,3.7859431257836187,0.0,0.0,0.0,0.0,3.7859431257836187,2025-10-07 13:00:00,0.837987763,0.0182578875171467,0.0
4.71800835615405,0.0,-47.1800835615405,0.0,10.0,0.0,-0.0,1.0,-4.886004643671196,4.886004643671196,0.0,0.0,0.16799628751714668,0.16799628751714668,0.0,-47.1800835615405,-47.1800835615405,4.886004643671196,4.886004643671196,4.886004643671196,0.0,0.0,0.0,0.0,4.886004643671196,2025-10-07 13:15:00,0.789454213,0.0182578875171467,0.5
5.190002001127857,0.0,-51.90002001127857,0.0,10.0,0.0,-0.0,1.0,-5.357998288645003,5.357998288645003,0.0,0.0,0.16799628751714668,0.16799628751714668,0.0,-51.90002001127857,-51.90002001127857,5.357998288645003,5.357998288645003,5.357998288645003,0.0,0.0,0.0,0.0,5.357998288645003,2025-10-07 13:30:00,0.782211507,0.0182578875171467,0.5
6.198480754423787,0.0,-61.984807544237874,0.0,10.0,0.0,-0.0,1.0,-6.425315757990317,6.425315757990317,0.0,0.0,0.22683500356652953,0.22683500356652953,0.0,-61.984807544237874,-61.984807544237874,6.425315757990317,6.425315757990317,6.425315757990317,0.0,0.0,0.0,0.0,6.425315757990317,2025-10-07 13:45:00,0.761678082,0.0376406035665295,0.5
7.270255097041471,0.0,-72.70255097041472,0.0,10.0,0.0,-0.0,1.0,-7.497090100608001,7.497090100608001,0.0,0.0,0.22683500356652953,0.22683500356652953,0.0,-72.70255097041472,-72.70255097041472,7.497090100608001,7.497090100608001,7.497090100608001,0.0,0.0,0.0,0.0,7.497090100608001,2025-10-07 14:00:00,0.759363368,0.0376406035665295,0.5
7.7057146603412265,0.0,-77.05714660341226,0.0,10.0,0.0,-0.0,1.0,-7.932549663907756,7.932549663907756,0.0,0.0,0.22683500356652953,0.22683500356652953,0.0,-77.05714660341226,-77.05714660341226,7.932549663907756,7.932549663907756,7.932549663907756,0.0,0.0,0.0,0.0,7.932549663907756,2025-10-07 14:15:00,0.774744807,0.0376406035665295,0.5
7.752412826203691,0.0,-77.52412826203691,0.0,10.0,0.0,-0.0,1.0,-7.9792478297702205,7.9792478297702205,0.0,0.0,0.22683500356652953,0.22683500356652953,0.0,-77.52412826203691,-77.52412826203691,7.9792478297702205,7.9792478297702205,7.9792478297702205,0.0,0.0,0.0,0.0,7.9792478297702205,2025-10-07 14:30:00,0.783928818,0.0376406035665295,0.5
